<?xml version="1.0" encoding="utf-8"?>
<layer-list xmlns:android="http://schemas.android.com/apk/res/android" >
    <item>
        <shape
            android:shape="rectangle">
            <stroke android:width="1dp" android:color="@color/colorPrimary" />
            <solid android:color="@color/colorPrimary" />

        </shape>
    </item>

    <item android:bottom="2dp" android:right="-6dp" android:left="-6dp" android:top="-6dp">
        <shape
            android:shape="rectangle">
            <stroke android:width="4dp" android:color="@color/White" />
            <solid android:color="@color/colorPrimary" />
            <corners
                android:bottomLeftRadius="3dp"
                android:bottomRightRadius="3dp"
                />
        </shape>
    </item>

</layer-list>